﻿<?xml version="1.0" encoding="utf-8"?>
<ImportExportXml xmlns:xsi="http://www.w3.org/2001/XMLSchema-instance">
  <Entities />
  <Roles />
  <Workflows />
  <FieldSecurityProfiles />
  <Templates />
  <EntityMaps />
  <EntityRelationships />
  <OrganizationSettings />
  <optionsets />
  <CustomControls />
  <EntityDataProviders />
  <CanvasApps>
    <CanvasApp>
      <Name>ppa_mixedrealityapp_8c5e9</Name>
      <AppVersion>2023-06-20T11:27:31Z</AppVersion>
      <Status>Ready</Status>
      <CreatedByClientVersion>3.23061.22.0</CreatedByClientVersion>
      <MinClientVersion>3.23061.22.0</MinClientVersion>
      <Tags>{"primaryDeviceWidth":"640","primaryDeviceHeight":"1136","supportsPortrait":"true","supportsLandscape":"true","primaryFormFactor":"Phone","publisherVersion":"3.23061.22","minimumRequiredApiVersion":"2.2.0","hasComponent":"true","hasUnlockedComponent":"false","isUnifiedRootApp":"false","sienaVersion":"20230620T101308Z-3.23061.21.0"}</Tags>
      <IsCdsUpgraded>0</IsCdsUpgraded>
      <GalleryItemId xsi:nil="true"></GalleryItemId>
      <BackgroundColor>RGBA(0,176,240,1)</BackgroundColor>
      <DisplayName>Mixed Reality App</DisplayName>
      <Description xsi:nil="true"></Description>
      <CommitMessage xsi:nil="true"></CommitMessage>
      <Publisher></Publisher>
      <AuthorizationReferences>[]</AuthorizationReferences>
      <ConnectionReferences>{"003c10bb-0e9a-4c4b-805d-593afc9cb727":{"id":"/providers/microsoft.powerapps/apis/shared_ppa-5fsmithsonian-203d-5f7ffbc5b9e533146c","displayName":"Smithsonian 3D","iconUri":"https://pafeblobprodam.blob.core.windows.net/20230620t000000z3e6dbeba0c734476a577c06c2f83327c/ppa_5Fsmithsonian-203d_iconblob.Png?sv=2018-03-28&amp;sr=c&amp;sig=2Z5gKFtQcrFHn2s7%2ByF7NUv3l4PZLK6sG2xdwlMgDwI%3D&amp;se=2023-06-25T20%3A00%3A00Z&amp;sp=rl","dataSources":["Smithsonian3D"],"dependencies":[],"dependents":[],"parameterHints":{},"parameterHintsV2":{},"isOnPremiseConnection":false,"bypassConsent":false,"dataSets":{},"apiTier":"Standard","actions":["FileSearch"],"customApiLogicalName":"ppa_5Fsmithsonian-203d","isCustomApiSolutionAware":true},"ba184456-79e7-44a2-8e8c-81b422508420":{"id":"/providers/microsoft.powerapps/apis/shared_excel","displayName":"Excel","iconUri":"https://connectoricons-prod.azureedge.net/releases/v1.0.1623/1.0.1623.3210/excel/icon.png","dataSources":["Occupants","Coral"],"dependencies":["bcabe95e-5b5a-49ac-b4a1-721896ec813a"],"dependents":[],"parameterHints":{"bcabe95e-5b5a-49ac-b4a1-721896ec813a":{"value":"fileSource"}},"parameterHintsV2":{"fileSource":{"value":"bcabe95e-5b5a-49ac-b4a1-721896ec813a"}},"isOnPremiseConnection":false,"bypassConsent":false,"dataSets":{"b!c0i2vEAqGEeV3EOZK90cDe7vLsRUvk5Cn1I8Ib5GzVeTICDAACgBTKfV3FECa3tR.01GXQ6DGDDDBLDL5ED5FC2BREZ27JETYZZ":{"dataSources":{"Occupants":{"tableName":"Occupants"},"Coral":{"tableName":"Coral"}}}},"apiTier":"Standard","actions":["providers/PowerPlatform.Governance/Operations/Read"],"isCustomApiSolutionAware":false},"bcabe95e-5b5a-49ac-b4a1-721896ec813a":{"id":"/providers/microsoft.powerapps/apis/shared_onedriveforbusiness","displayName":"OneDrive para Empresas","iconUri":"https://connectoricons-prod.azureedge.net/u/shgogna/globalperconnector-train1/1.0.1639.3312/onedriveforbusiness/icon.png","dataSources":[],"dependencies":[],"dependents":["ba184456-79e7-44a2-8e8c-81b422508420"],"parameterHints":{},"parameterHintsV2":{},"isOnPremiseConnection":false,"bypassConsent":false,"dataSets":{},"apiTier":"Standard","isCustomApiSolutionAware":false}}</ConnectionReferences>
      <DatabaseReferences>{}</DatabaseReferences>
      <AppComponents>[]</AppComponents>
      <AppComponentDependencies>[{"appComponentName":"2e88179d732a402184a767c94eab038b","appName":"3a5c676a-ba0b-46d7-8966-cae2fc86c60b","appComponentLibraryName":"1d43e86d-1128-4324-9e71-fd47fa4c9925","appComponentLibraryVersion":"2023-06-20T08:30:31Z","appComponentLibraryLogicalName":"cat_powercatcomponentlibrary_0be3a","environmentName":"f142c5f7-7f75-e3bf-86ff-4b70d8d9515a"},{"appComponentName":"44e7951b1fad4ad98126f8c108dd1e9f","appName":"3a5c676a-ba0b-46d7-8966-cae2fc86c60b","appComponentLibraryName":"1d43e86d-1128-4324-9e71-fd47fa4c9925","appComponentLibraryVersion":"2023-06-20T08:30:31Z","appComponentLibraryLogicalName":"cat_powercatcomponentlibrary_0be3a","environmentName":"f142c5f7-7f75-e3bf-86ff-4b70d8d9515a"},{"appComponentName":"6da4b2f929d240969e49e05e10e720ce","appName":"3a5c676a-ba0b-46d7-8966-cae2fc86c60b","appComponentLibraryName":"1d43e86d-1128-4324-9e71-fd47fa4c9925","appComponentLibraryVersion":"2023-06-20T08:30:31Z","appComponentLibraryLogicalName":"cat_powercatcomponentlibrary_0be3a","environmentName":"f142c5f7-7f75-e3bf-86ff-4b70d8d9515a"},{"appComponentName":"952d39d80fc84420b772a5058b19d909","appName":"3a5c676a-ba0b-46d7-8966-cae2fc86c60b","appComponentLibraryName":"1d43e86d-1128-4324-9e71-fd47fa4c9925","appComponentLibraryVersion":"2023-06-20T08:30:31Z","appComponentLibraryLogicalName":"cat_powercatcomponentlibrary_0be3a","environmentName":"f142c5f7-7f75-e3bf-86ff-4b70d8d9515a"}]</AppComponentDependencies>
      <CanConsumeAppPass>1</CanConsumeAppPass>
      <CanvasAppType>0</CanvasAppType>
      <BypassConsent>0</BypassConsent>
      <AdminControlBypassConsent>0</AdminControlBypassConsent>
      <EmbeddedApp xsi:nil="true"></EmbeddedApp>
      <IntroducedVersion>1.0</IntroducedVersion>
      <CdsDependencies>{"cdsdependencies":[{"logicalname":"ppa_5Fsmithsonian-203d","componenttype":372,"componenttypeplatformname":"connector"},{"logicalname":"cat_powercatcomponentlibrary_0be3a","componenttype":300,"componenttypeplatformname":"CanvasApp"}]}</CdsDependencies>
      <IsCustomizable>1</IsCustomizable>
      <BackgroundImageUri>/CanvasApps/ppa_mixedrealityapp_8c5e9_BackgroundImageUri</BackgroundImageUri>
      <DocumentUri>/CanvasApps/ppa_mixedrealityapp_8c5e9_DocumentUri.msapp</DocumentUri>
    </CanvasApp>
  </CanvasApps>
  <Connectors>
    <Connector>
      <connectorid>8fdeedcc-b21b-4f9b-9041-b3c74267bf19</connectorid>
      <description></description>
      <displayname>Smithsonian 3D</displayname>
      <iconbrandcolor>#007ee5</iconbrandcolor>
      <name>ppa_5Fsmithsonian-203d</name>
      <connectortype>1</connectortype>
      <openapidefinition>/Connector/ppa_5Fsmithsonian-203d_openapidefinition.json</openapidefinition>
      <connectionparameters>/Connector/ppa_5Fsmithsonian-203d_connectionparameters.json</connectionparameters>
      <policytemplateinstances>/Connector/ppa_5Fsmithsonian-203d_policytemplateinstances.json</policytemplateinstances>
      <iconblob>/Connector/ppa_5Fsmithsonian-203d_iconblob.Png</iconblob>
    </Connector>
  </Connectors>
  <Languages>
    <Language>2070</Language>
  </Languages>
</ImportExportXml>